-- phpMyAdmin SQL Dump
-- version 5.2.1
-- https://www.phpmyadmin.net/
--
-- Servidor: 127.0.0.1
-- Tiempo de generación: 15-04-2026 a las 01:33:11
-- Versión del servidor: 10.4.32-MariaDB
-- Versión de PHP: 8.2.12

SET SQL_MODE = "NO_AUTO_VALUE_ON_ZERO";
START TRANSACTION;
SET time_zone = "+00:00";


/*!40101 SET @OLD_CHARACTER_SET_CLIENT=@@CHARACTER_SET_CLIENT */;
/*!40101 SET @OLD_CHARACTER_SET_RESULTS=@@CHARACTER_SET_RESULTS */;
/*!40101 SET @OLD_COLLATION_CONNECTION=@@COLLATION_CONNECTION */;
/*!40101 SET NAMES utf8mb4 */;

--
-- Base de datos: `taller_s7`
--

-- --------------------------------------------------------

--
-- Estructura de tabla para la tabla `autor`
--

CREATE TABLE `autor` (
  `id_autor` int(11) NOT NULL,
  `nombre` varchar(100) DEFAULT NULL
) ENGINE=InnoDB DEFAULT CHARSET=utf8mb4 COLLATE=utf8mb4_general_ci;

--
-- Volcado de datos para la tabla `autor`
--

INSERT INTO `autor` (`id_autor`, `nombre`) VALUES
(1, 'Gabriel García Márquez'),
(2, 'Mario Vargas Llosa'),
(3, 'Julio Cortázar');

-- --------------------------------------------------------

--
-- Estructura de tabla para la tabla `categoria`
--

CREATE TABLE `categoria` (
  `id_categoria` int(11) NOT NULL,
  `nombre` varchar(60) NOT NULL,
  `descripcion` text DEFAULT NULL
) ENGINE=InnoDB DEFAULT CHARSET=utf8mb4 COLLATE=utf8mb4_general_ci;

--
-- Volcado de datos para la tabla `categoria`
--

INSERT INTO `categoria` (`id_categoria`, `nombre`, `descripcion`) VALUES
(1, 'Bebidas', 'Productos líquidos'),
(2, 'Alimentos', 'Comida en general'),
(3, 'Aseo', 'Productos de limpieza'),
(4, 'Tecnología', 'Electrónicos');

-- --------------------------------------------------------

--
-- Estructura de tabla para la tabla `estudiante`
--

CREATE TABLE `estudiante` (
  `id_estudiante` int(11) NOT NULL,
  `nombre` varchar(100) DEFAULT NULL
) ENGINE=InnoDB DEFAULT CHARSET=utf8mb4 COLLATE=utf8mb4_general_ci;

--
-- Volcado de datos para la tabla `estudiante`
--

INSERT INTO `estudiante` (`id_estudiante`, `nombre`) VALUES
(1, 'Juan Pérez'),
(2, 'María López'),
(3, 'Carlos Ruiz'),
(4, 'Ana Torres');

-- --------------------------------------------------------

--
-- Estructura de tabla para la tabla `libro`
--

CREATE TABLE `libro` (
  `id_libro` int(11) NOT NULL,
  `titulo` varchar(100) DEFAULT NULL,
  `activo` tinyint(4) DEFAULT 1
) ENGINE=InnoDB DEFAULT CHARSET=utf8mb4 COLLATE=utf8mb4_general_ci;

--
-- Volcado de datos para la tabla `libro`
--

INSERT INTO `libro` (`id_libro`, `titulo`, `activo`) VALUES
(1, 'Cien años de soledad', 1),
(2, 'La ciudad y los perros', 1),
(3, 'Rayuela', 1),
(4, 'El otoño del patriarca', 1),
(5, 'Pantaleón y las visitadoras', 1);

-- --------------------------------------------------------

--
-- Estructura de tabla para la tabla `libro_autor`
--

CREATE TABLE `libro_autor` (
  `id_libro` int(11) NOT NULL,
  `id_autor` int(11) NOT NULL
) ENGINE=InnoDB DEFAULT CHARSET=utf8mb4 COLLATE=utf8mb4_general_ci;

--
-- Volcado de datos para la tabla `libro_autor`
--

INSERT INTO `libro_autor` (`id_libro`, `id_autor`) VALUES
(1, 1),
(2, 2),
(3, 3),
(4, 1),
(5, 2);

-- --------------------------------------------------------

--
-- Estructura de tabla para la tabla `prestamo`
--

CREATE TABLE `prestamo` (
  `id_prestamo` int(11) NOT NULL,
  `id_estudiante` int(11) DEFAULT NULL,
  `id_libro` int(11) DEFAULT NULL,
  `fecha_prestamo` date DEFAULT NULL,
  `fecha_devolucion` date DEFAULT NULL
) ENGINE=InnoDB DEFAULT CHARSET=utf8mb4 COLLATE=utf8mb4_general_ci;

--
-- Volcado de datos para la tabla `prestamo`
--

INSERT INTO `prestamo` (`id_prestamo`, `id_estudiante`, `id_libro`, `fecha_prestamo`, `fecha_devolucion`) VALUES
(1, 1, 1, '2024-01-01', NULL),
(2, 2, 2, '2024-01-02', NULL),
(3, 3, 3, '2024-01-03', '2024-01-10'),
(4, 1, 2, '2024-01-04', NULL),
(5, 2, 3, '2024-01-05', NULL),
(6, 4, 1, '2024-01-06', '2024-01-12');

-- --------------------------------------------------------

--
-- Estructura de tabla para la tabla `producto`
--

CREATE TABLE `producto` (
  `id_producto` int(11) NOT NULL,
  `nombre` varchar(100) NOT NULL,
  `precio` decimal(12,2) NOT NULL,
  `stock` int(11) NOT NULL DEFAULT 0,
  `activo` tinyint(1) DEFAULT 1,
  `id_categoria` int(11) NOT NULL
) ENGINE=InnoDB DEFAULT CHARSET=utf8mb4 COLLATE=utf8mb4_general_ci;

--
-- Volcado de datos para la tabla `producto`
--

INSERT INTO `producto` (`id_producto`, `nombre`, `precio`, `stock`, `activo`, `id_categoria`) VALUES
(2, 'Café', 5750.00, 10, 1, 1),
(3, 'Leche', 4600.00, 15, 0, 1),
(4, 'Azúcar', 3000.00, 20, 1, 2),
(5, 'Pan', 2000.00, 30, 1, 2),
(6, 'Jabón', 2500.00, 50, 1, 3),
(7, 'Shampoo', 8000.00, 25, 1, 3),
(8, 'Mouse', 20000.00, 5, 1, 4),
(9, 'Teclado', 50000.00, 3, 1, 4);

--
-- Índices para tablas volcadas
--

--
-- Indices de la tabla `autor`
--
ALTER TABLE `autor`
  ADD PRIMARY KEY (`id_autor`);

--
-- Indices de la tabla `categoria`
--
ALTER TABLE `categoria`
  ADD PRIMARY KEY (`id_categoria`);

--
-- Indices de la tabla `estudiante`
--
ALTER TABLE `estudiante`
  ADD PRIMARY KEY (`id_estudiante`);

--
-- Indices de la tabla `libro`
--
ALTER TABLE `libro`
  ADD PRIMARY KEY (`id_libro`);

--
-- Indices de la tabla `libro_autor`
--
ALTER TABLE `libro_autor`
  ADD PRIMARY KEY (`id_libro`,`id_autor`),
  ADD KEY `id_autor` (`id_autor`);

--
-- Indices de la tabla `prestamo`
--
ALTER TABLE `prestamo`
  ADD PRIMARY KEY (`id_prestamo`),
  ADD KEY `id_estudiante` (`id_estudiante`),
  ADD KEY `id_libro` (`id_libro`);

--
-- Indices de la tabla `producto`
--
ALTER TABLE `producto`
  ADD PRIMARY KEY (`id_producto`),
  ADD KEY `id_categoria` (`id_categoria`);

--
-- AUTO_INCREMENT de las tablas volcadas
--

--
-- AUTO_INCREMENT de la tabla `autor`
--
ALTER TABLE `autor`
  MODIFY `id_autor` int(11) NOT NULL AUTO_INCREMENT, AUTO_INCREMENT=4;

--
-- AUTO_INCREMENT de la tabla `categoria`
--
ALTER TABLE `categoria`
  MODIFY `id_categoria` int(11) NOT NULL AUTO_INCREMENT, AUTO_INCREMENT=5;

--
-- AUTO_INCREMENT de la tabla `estudiante`
--
ALTER TABLE `estudiante`
  MODIFY `id_estudiante` int(11) NOT NULL AUTO_INCREMENT, AUTO_INCREMENT=5;

--
-- AUTO_INCREMENT de la tabla `libro`
--
ALTER TABLE `libro`
  MODIFY `id_libro` int(11) NOT NULL AUTO_INCREMENT, AUTO_INCREMENT=6;

--
-- AUTO_INCREMENT de la tabla `prestamo`
--
ALTER TABLE `prestamo`
  MODIFY `id_prestamo` int(11) NOT NULL AUTO_INCREMENT, AUTO_INCREMENT=7;

--
-- AUTO_INCREMENT de la tabla `producto`
--
ALTER TABLE `producto`
  MODIFY `id_producto` int(11) NOT NULL AUTO_INCREMENT, AUTO_INCREMENT=10;

--
-- Restricciones para tablas volcadas
--

--
-- Filtros para la tabla `libro_autor`
--
ALTER TABLE `libro_autor`
  ADD CONSTRAINT `libro_autor_ibfk_1` FOREIGN KEY (`id_libro`) REFERENCES `libro` (`id_libro`),
  ADD CONSTRAINT `libro_autor_ibfk_2` FOREIGN KEY (`id_autor`) REFERENCES `autor` (`id_autor`);

--
-- Filtros para la tabla `prestamo`
--
ALTER TABLE `prestamo`
  ADD CONSTRAINT `prestamo_ibfk_1` FOREIGN KEY (`id_estudiante`) REFERENCES `estudiante` (`id_estudiante`),
  ADD CONSTRAINT `prestamo_ibfk_2` FOREIGN KEY (`id_libro`) REFERENCES `libro` (`id_libro`);

--
-- Filtros para la tabla `producto`
--
ALTER TABLE `producto`
  ADD CONSTRAINT `producto_ibfk_1` FOREIGN KEY (`id_categoria`) REFERENCES `categoria` (`id_categoria`);
COMMIT;

/*!40101 SET CHARACTER_SET_CLIENT=@OLD_CHARACTER_SET_CLIENT */;
/*!40101 SET CHARACTER_SET_RESULTS=@OLD_CHARACTER_SET_RESULTS */;
/*!40101 SET COLLATION_CONNECTION=@OLD_COLLATION_CONNECTION */;
